-- phpMyAdmin SQL Dump
-- version 4.6.4
-- https://www.phpmyadmin.net/
--
-- Host: localhost
-- Generation Time: May 01, 2018 at 06:36 AM
-- Server version: 5.5.31
-- PHP Version: 7.1.11

SET SQL_MODE = "NO_AUTO_VALUE_ON_ZERO";
SET time_zone = "+00:00";


/*!40101 SET @OLD_CHARACTER_SET_CLIENT=@@CHARACTER_SET_CLIENT */;
/*!40101 SET @OLD_CHARACTER_SET_RESULTS=@@CHARACTER_SET_RESULTS */;
/*!40101 SET @OLD_COLLATION_CONNECTION=@@COLLATION_CONNECTION */;
/*!40101 SET NAMES utf8mb4 */;

--
-- Database: `spppaper_jay`
--

-- --------------------------------------------------------

--
-- Table structure for table `chats`
--

CREATE TABLE `chats` (
  `id` int(10) UNSIGNED NOT NULL,
  `id_user` varchar(191) COLLATE utf8mb4_unicode_ci NOT NULL,
  `id_userTo` varchar(191) COLLATE utf8mb4_unicode_ci NOT NULL,
  `message` varchar(191) COLLATE utf8mb4_unicode_ci NOT NULL,
  `created_at` timestamp NULL DEFAULT NULL,
  `updated_at` timestamp NULL DEFAULT NULL
) ENGINE=MyISAM DEFAULT CHARSET=utf8mb4 COLLATE=utf8mb4_unicode_ci;

-- --------------------------------------------------------

--
-- Table structure for table `current_maps`
--

CREATE TABLE `current_maps` (
  `id` int(10) UNSIGNED NOT NULL,
  `id_user` varchar(191) COLLATE utf8mb4_unicode_ci NOT NULL,
  `id_map` varchar(191) COLLATE utf8mb4_unicode_ci NOT NULL,
  `password` varchar(191) COLLATE utf8mb4_unicode_ci NOT NULL,
  `status` enum('full','empty') COLLATE utf8mb4_unicode_ci NOT NULL,
  `created_at` timestamp NULL DEFAULT NULL,
  `updated_at` timestamp NULL DEFAULT NULL,
  `deleted_at` timestamp NULL DEFAULT NULL
) ENGINE=MyISAM DEFAULT CHARSET=utf8mb4 COLLATE=utf8mb4_unicode_ci;

--
-- Dumping data for table `current_maps`
--

INSERT INTO `current_maps` (`id`, `id_user`, `id_map`, `password`, `status`, `created_at`, `updated_at`, `deleted_at`) VALUES
(1, '6', '7', 'FhqOSkCfdCPVtICtMpZYqyRZly8OO7vre5dzKv0QVzGeOykr9LT2fs1JBfXAV8Z2', 'empty', '2018-04-30 16:34:44', '2018-04-30 16:34:44', NULL),
(2, '7', '8', 'FhqOSkCfdCPVtICtMpZYqyRZly8OO7vre5dzKv0QVzGeOykr9LT2fs1JBfXAV8Z3', 'empty', '2018-04-30 16:34:44', '2018-04-30 16:34:44', NULL),
(3, '8', '9', 'FhqOSkCfdCPVtICtMpZYqyRZly8OO7vre5dzKv0QVzGeOykr9LT2fs1JBfXAV8Z4', 'empty', '2018-04-30 16:34:44', '2018-04-30 16:34:44', NULL),
(4, '9', '10', 'FhqOSkCfdCPVtICtMpZYqyRZly8OO7vre5dzKv0QVzGeOykr9LT2fs1JBfXAV8Z5', 'empty', '2018-04-30 16:34:45', '2018-04-30 16:34:45', NULL),
(5, '10', '1', 'FhqOSkCfdCPVtICtMpZYqyRZly8OO7vre5dzKv0QVzGeOykr9LT2fs1JBfXAV8Z6', 'empty', '2018-04-30 16:34:45', '2018-04-30 16:34:45', NULL),
(6, '11', '92', 'FhqOSkCfdCPVtICtMpZYqyRZly8OO7vre5dzKv0QVzGeOykr9LT2fs1JBfXAV8Z7', 'empty', '2018-04-30 16:34:45', '2018-04-30 16:34:45', NULL);

-- --------------------------------------------------------

--
-- Table structure for table `logs`
--

CREATE TABLE `logs` (
  `id` int(10) UNSIGNED NOT NULL,
  `id_user` varchar(191) COLLATE utf8mb4_unicode_ci NOT NULL,
  `description` varchar(191) COLLATE utf8mb4_unicode_ci NOT NULL,
  `created_at` timestamp NULL DEFAULT NULL,
  `updated_at` timestamp NULL DEFAULT NULL
) ENGINE=MyISAM DEFAULT CHARSET=utf8mb4 COLLATE=utf8mb4_unicode_ci;

--
-- Dumping data for table `logs`
--

INSERT INTO `logs` (`id`, `id_user`, `description`, `created_at`, `updated_at`) VALUES
(1, '1', 'user 1 seed database 1', '2018-04-30 16:34:18', '2018-04-30 16:34:18');

-- --------------------------------------------------------

--
-- Table structure for table `maps`
--

CREATE TABLE `maps` (
  `id` int(10) UNSIGNED NOT NULL,
  `number` varchar(191) COLLATE utf8mb4_unicode_ci NOT NULL,
  `id_photo` varchar(191) COLLATE utf8mb4_unicode_ci NOT NULL,
  `created_at` timestamp NULL DEFAULT NULL,
  `updated_at` timestamp NULL DEFAULT NULL
) ENGINE=MyISAM DEFAULT CHARSET=utf8mb4 COLLATE=utf8mb4_unicode_ci;

--
-- Dumping data for table `maps`
--

INSERT INTO `maps` (`id`, `number`, `id_photo`, `created_at`, `updated_at`) VALUES
(1, '1A', '1', '2018-04-30 16:34:22', '2018-04-30 16:34:22'),
(2, '2A', '1', '2018-04-30 16:34:22', '2018-04-30 16:34:22'),
(3, '3A', '1', '2018-04-30 16:34:22', '2018-04-30 16:34:22'),
(4, '4A', '1', '2018-04-30 16:34:22', '2018-04-30 16:34:22'),
(5, '5A', '1', '2018-04-30 16:34:22', '2018-04-30 16:34:22'),
(6, '6A', '1', '2018-04-30 16:34:22', '2018-04-30 16:34:22'),
(7, '7A', '1', '2018-04-30 16:34:22', '2018-04-30 16:34:22'),
(8, '8A', '1', '2018-04-30 16:34:22', '2018-04-30 16:34:22'),
(9, '9A', '1', '2018-04-30 16:34:22', '2018-04-30 16:34:22'),
(10, '10A', '1', '2018-04-30 16:34:22', '2018-04-30 16:34:22'),
(11, '11A', '1', '2018-04-30 16:34:22', '2018-04-30 16:34:22'),
(12, '12A', '1', '2018-04-30 16:34:22', '2018-04-30 16:34:22'),
(13, '13A', '1', '2018-04-30 16:34:22', '2018-04-30 16:34:22'),
(14, '14A', '1', '2018-04-30 16:34:23', '2018-04-30 16:34:23'),
(15, '15A', '1', '2018-04-30 16:34:23', '2018-04-30 16:34:23'),
(16, '16A', '1', '2018-04-30 16:34:23', '2018-04-30 16:34:23'),
(17, '17A', '1', '2018-04-30 16:34:23', '2018-04-30 16:34:23'),
(18, '18A', '1', '2018-04-30 16:34:23', '2018-04-30 16:34:23'),
(19, '19A', '1', '2018-04-30 16:34:23', '2018-04-30 16:34:23'),
(20, '20A', '1', '2018-04-30 16:34:23', '2018-04-30 16:34:23'),
(21, '1B', '2', '2018-04-30 16:34:23', '2018-04-30 16:34:23'),
(22, '2B', '2', '2018-04-30 16:34:23', '2018-04-30 16:34:23'),
(23, '3B', '2', '2018-04-30 16:34:23', '2018-04-30 16:34:23'),
(24, '4B', '2', '2018-04-30 16:34:23', '2018-04-30 16:34:23'),
(25, '5B', '2', '2018-04-30 16:34:24', '2018-04-30 16:34:24'),
(26, '6B', '2', '2018-04-30 16:34:24', '2018-04-30 16:34:24'),
(27, '7B', '2', '2018-04-30 16:34:24', '2018-04-30 16:34:24'),
(28, '8B', '2', '2018-04-30 16:34:24', '2018-04-30 16:34:24'),
(29, '9B', '2', '2018-04-30 16:34:24', '2018-04-30 16:34:24'),
(30, '10B', '2', '2018-04-30 16:34:24', '2018-04-30 16:34:24'),
(31, '11B', '2', '2018-04-30 16:34:24', '2018-04-30 16:34:24'),
(32, '12B', '2', '2018-04-30 16:34:24', '2018-04-30 16:34:24'),
(33, '13B', '2', '2018-04-30 16:34:24', '2018-04-30 16:34:24'),
(34, '14B', '2', '2018-04-30 16:34:24', '2018-04-30 16:34:24'),
(35, '15B', '2', '2018-04-30 16:34:24', '2018-04-30 16:34:24'),
(36, '1A', '3', '2018-04-30 16:34:24', '2018-04-30 16:34:24'),
(37, '2A', '3', '2018-04-30 16:34:24', '2018-04-30 16:34:24'),
(38, '3A', '3', '2018-04-30 16:34:24', '2018-04-30 16:34:24'),
(39, '4A', '3', '2018-04-30 16:34:25', '2018-04-30 16:34:25'),
(40, '5A', '3', '2018-04-30 16:34:25', '2018-04-30 16:34:25'),
(41, '6A', '3', '2018-04-30 16:34:25', '2018-04-30 16:34:25'),
(42, '7A', '3', '2018-04-30 16:34:25', '2018-04-30 16:34:25'),
(43, '8A', '3', '2018-04-30 16:34:25', '2018-04-30 16:34:25'),
(44, '9A', '3', '2018-04-30 16:34:25', '2018-04-30 16:34:25'),
(45, '10A', '3', '2018-04-30 16:34:25', '2018-04-30 16:34:25'),
(46, '11A', '3', '2018-04-30 16:34:25', '2018-04-30 16:34:25'),
(47, '12A', '3', '2018-04-30 16:34:25', '2018-04-30 16:34:25'),
(48, '13A', '3', '2018-04-30 16:34:25', '2018-04-30 16:34:25'),
(49, '14A', '3', '2018-04-30 16:34:25', '2018-04-30 16:34:25'),
(50, '15A', '3', '2018-04-30 16:34:25', '2018-04-30 16:34:25'),
(51, '16A', '3', '2018-04-30 16:34:25', '2018-04-30 16:34:25'),
(52, '17A', '3', '2018-04-30 16:34:25', '2018-04-30 16:34:25'),
(53, '18A', '3', '2018-04-30 16:34:25', '2018-04-30 16:34:25'),
(54, '19A', '3', '2018-04-30 16:34:25', '2018-04-30 16:34:25'),
(55, '20A', '3', '2018-04-30 16:34:26', '2018-04-30 16:34:26'),
(56, '1B', '4', '2018-04-30 16:34:26', '2018-04-30 16:34:26'),
(57, '2B', '4', '2018-04-30 16:34:26', '2018-04-30 16:34:26'),
(58, '3B', '4', '2018-04-30 16:34:26', '2018-04-30 16:34:26'),
(59, '4B', '4', '2018-04-30 16:34:26', '2018-04-30 16:34:26'),
(60, '5B', '4', '2018-04-30 16:34:26', '2018-04-30 16:34:26'),
(61, '6B', '4', '2018-04-30 16:34:26', '2018-04-30 16:34:26'),
(62, '7B', '4', '2018-04-30 16:34:26', '2018-04-30 16:34:26'),
(63, '8B', '4', '2018-04-30 16:34:26', '2018-04-30 16:34:26'),
(64, '9B', '4', '2018-04-30 16:34:26', '2018-04-30 16:34:26'),
(65, '10B', '4', '2018-04-30 16:34:26', '2018-04-30 16:34:26'),
(66, '11B', '4', '2018-04-30 16:34:26', '2018-04-30 16:34:26'),
(67, '12B', '4', '2018-04-30 16:34:27', '2018-04-30 16:34:27'),
(68, '13B', '4', '2018-04-30 16:34:27', '2018-04-30 16:34:27'),
(69, '14B', '4', '2018-04-30 16:34:27', '2018-04-30 16:34:27'),
(70, '15B', '4', '2018-04-30 16:34:27', '2018-04-30 16:34:27'),
(71, '1A', '5', '2018-04-30 16:34:27', '2018-04-30 16:34:27'),
(72, '2A', '5', '2018-04-30 16:34:27', '2018-04-30 16:34:27'),
(73, '3A', '5', '2018-04-30 16:34:27', '2018-04-30 16:34:27'),
(74, '4A', '5', '2018-04-30 16:34:27', '2018-04-30 16:34:27'),
(75, '5A', '5', '2018-04-30 16:34:27', '2018-04-30 16:34:27'),
(76, '6A', '5', '2018-04-30 16:34:27', '2018-04-30 16:34:27'),
(77, '7A', '5', '2018-04-30 16:34:27', '2018-04-30 16:34:27'),
(78, '8A', '5', '2018-04-30 16:34:27', '2018-04-30 16:34:27'),
(79, '9A', '5', '2018-04-30 16:34:27', '2018-04-30 16:34:27'),
(80, '10A', '5', '2018-04-30 16:34:28', '2018-04-30 16:34:28'),
(81, '11A', '5', '2018-04-30 16:34:28', '2018-04-30 16:34:28'),
(82, '12A', '5', '2018-04-30 16:34:28', '2018-04-30 16:34:28'),
(83, '13A', '5', '2018-04-30 16:34:28', '2018-04-30 16:34:28'),
(84, '14A', '5', '2018-04-30 16:34:28', '2018-04-30 16:34:28'),
(85, '15A', '5', '2018-04-30 16:34:28', '2018-04-30 16:34:28'),
(86, '16A', '5', '2018-04-30 16:34:28', '2018-04-30 16:34:28'),
(87, '17A', '5', '2018-04-30 16:34:28', '2018-04-30 16:34:28'),
(88, '18A', '5', '2018-04-30 16:34:28', '2018-04-30 16:34:28'),
(89, '19A', '5', '2018-04-30 16:34:28', '2018-04-30 16:34:28'),
(90, '20A', '5', '2018-04-30 16:34:28', '2018-04-30 16:34:28'),
(91, '1A', '6', '2018-04-30 16:34:28', '2018-04-30 16:34:28'),
(92, '2A', '6', '2018-04-30 16:34:28', '2018-04-30 16:34:28'),
(93, '3A', '6', '2018-04-30 16:34:29', '2018-04-30 16:34:29'),
(94, '4A', '6', '2018-04-30 16:34:29', '2018-04-30 16:34:29'),
(95, '5A', '6', '2018-04-30 16:34:29', '2018-04-30 16:34:29'),
(96, '6A', '6', '2018-04-30 16:34:29', '2018-04-30 16:34:29'),
(97, '7A', '6', '2018-04-30 16:34:29', '2018-04-30 16:34:29'),
(98, '8A', '6', '2018-04-30 16:34:29', '2018-04-30 16:34:29'),
(99, '9A', '6', '2018-04-30 16:34:29', '2018-04-30 16:34:29'),
(100, '10A', '6', '2018-04-30 16:34:29', '2018-04-30 16:34:29'),
(101, '11A', '6', '2018-04-30 16:34:30', '2018-04-30 16:34:30'),
(102, '12A', '6', '2018-04-30 16:34:30', '2018-04-30 16:34:30'),
(103, '13A', '6', '2018-04-30 16:34:30', '2018-04-30 16:34:30'),
(104, '14A', '6', '2018-04-30 16:34:30', '2018-04-30 16:34:30'),
(105, '15A', '6', '2018-04-30 16:34:30', '2018-04-30 16:34:30'),
(106, '16A', '6', '2018-04-30 16:34:30', '2018-04-30 16:34:30'),
(107, '17A', '6', '2018-04-30 16:34:30', '2018-04-30 16:34:30'),
(108, '18A', '6', '2018-04-30 16:34:30', '2018-04-30 16:34:30'),
(109, '19A', '6', '2018-04-30 16:34:30', '2018-04-30 16:34:30'),
(110, '20A', '6', '2018-04-30 16:34:30', '2018-04-30 16:34:30'),
(111, '1A', '7', '2018-04-30 16:34:30', '2018-04-30 16:34:30'),
(112, '2A', '7', '2018-04-30 16:34:30', '2018-04-30 16:34:30'),
(113, '3A', '7', '2018-04-30 16:34:30', '2018-04-30 16:34:30'),
(114, '4A', '7', '2018-04-30 16:34:31', '2018-04-30 16:34:31'),
(115, '5A', '7', '2018-04-30 16:34:31', '2018-04-30 16:34:31'),
(116, '6A', '7', '2018-04-30 16:34:31', '2018-04-30 16:34:31'),
(117, '7A', '7', '2018-04-30 16:34:31', '2018-04-30 16:34:31'),
(118, '8A', '7', '2018-04-30 16:34:31', '2018-04-30 16:34:31'),
(119, '9A', '7', '2018-04-30 16:34:31', '2018-04-30 16:34:31'),
(120, '10A', '7', '2018-04-30 16:34:31', '2018-04-30 16:34:31'),
(121, '11A', '7', '2018-04-30 16:34:31', '2018-04-30 16:34:31'),
(122, '12A', '7', '2018-04-30 16:34:31', '2018-04-30 16:34:31'),
(123, '13A', '7', '2018-04-30 16:34:31', '2018-04-30 16:34:31'),
(124, '14A', '7', '2018-04-30 16:34:31', '2018-04-30 16:34:31'),
(125, '15A', '7', '2018-04-30 16:34:31', '2018-04-30 16:34:31'),
(126, '16A', '7', '2018-04-30 16:34:32', '2018-04-30 16:34:32'),
(127, '17A', '7', '2018-04-30 16:34:32', '2018-04-30 16:34:32'),
(128, '18A', '7', '2018-04-30 16:34:32', '2018-04-30 16:34:32'),
(129, '19A', '7', '2018-04-30 16:34:32', '2018-04-30 16:34:32'),
(130, '20A', '7', '2018-04-30 16:34:32', '2018-04-30 16:34:32'),
(131, '1B', '8', '2018-04-30 16:34:32', '2018-04-30 16:34:32'),
(132, '2B', '8', '2018-04-30 16:34:33', '2018-04-30 16:34:33'),
(133, '3B', '8', '2018-04-30 16:34:33', '2018-04-30 16:34:33'),
(134, '4B', '8', '2018-04-30 16:34:33', '2018-04-30 16:34:33'),
(135, '5B', '8', '2018-04-30 16:34:33', '2018-04-30 16:34:33'),
(136, '6B', '8', '2018-04-30 16:34:33', '2018-04-30 16:34:33'),
(137, '7B', '8', '2018-04-30 16:34:33', '2018-04-30 16:34:33'),
(138, '8B', '8', '2018-04-30 16:34:33', '2018-04-30 16:34:33'),
(139, '9B', '8', '2018-04-30 16:34:33', '2018-04-30 16:34:33'),
(140, '10B', '8', '2018-04-30 16:34:33', '2018-04-30 16:34:33'),
(141, '11B', '8', '2018-04-30 16:34:33', '2018-04-30 16:34:33'),
(142, '12B', '8', '2018-04-30 16:34:33', '2018-04-30 16:34:33'),
(143, '13B', '8', '2018-04-30 16:34:33', '2018-04-30 16:34:33'),
(144, '14B', '8', '2018-04-30 16:34:33', '2018-04-30 16:34:33'),
(145, '15B', '8', '2018-04-30 16:34:34', '2018-04-30 16:34:34'),
(146, '1B', '9', '2018-04-30 16:34:34', '2018-04-30 16:34:34'),
(147, '2B', '9', '2018-04-30 16:34:34', '2018-04-30 16:34:34'),
(148, '3B', '9', '2018-04-30 16:34:34', '2018-04-30 16:34:34'),
(149, '4B', '9', '2018-04-30 16:34:34', '2018-04-30 16:34:34'),
(150, '5B', '9', '2018-04-30 16:34:34', '2018-04-30 16:34:34'),
(151, '6B', '9', '2018-04-30 16:34:34', '2018-04-30 16:34:34'),
(152, '7B', '9', '2018-04-30 16:34:34', '2018-04-30 16:34:34'),
(153, '8B', '9', '2018-04-30 16:34:34', '2018-04-30 16:34:34'),
(154, '9B', '9', '2018-04-30 16:34:34', '2018-04-30 16:34:34'),
(155, '10B', '9', '2018-04-30 16:34:34', '2018-04-30 16:34:34'),
(156, '11B', '9', '2018-04-30 16:34:35', '2018-04-30 16:34:35'),
(157, '12B', '9', '2018-04-30 16:34:35', '2018-04-30 16:34:35'),
(158, '13B', '9', '2018-04-30 16:34:35', '2018-04-30 16:34:35'),
(159, '14B', '9', '2018-04-30 16:34:35', '2018-04-30 16:34:35'),
(160, '15B', '9', '2018-04-30 16:34:35', '2018-04-30 16:34:35'),
(161, '1A', '10', '2018-04-30 16:34:36', '2018-04-30 16:34:36'),
(162, '2A', '10', '2018-04-30 16:34:36', '2018-04-30 16:34:36'),
(163, '3A', '10', '2018-04-30 16:34:36', '2018-04-30 16:34:36'),
(164, '4A', '10', '2018-04-30 16:34:36', '2018-04-30 16:34:36'),
(165, '5A', '10', '2018-04-30 16:34:36', '2018-04-30 16:34:36'),
(166, '6A', '10', '2018-04-30 16:34:36', '2018-04-30 16:34:36'),
(167, '7A', '10', '2018-04-30 16:34:37', '2018-04-30 16:34:37'),
(168, '8A', '10', '2018-04-30 16:34:37', '2018-04-30 16:34:37'),
(169, '9A', '10', '2018-04-30 16:34:37', '2018-04-30 16:34:37'),
(170, '10A', '10', '2018-04-30 16:34:37', '2018-04-30 16:34:37'),
(171, '11A', '10', '2018-04-30 16:34:37', '2018-04-30 16:34:37'),
(172, '12A', '10', '2018-04-30 16:34:37', '2018-04-30 16:34:37'),
(173, '13A', '10', '2018-04-30 16:34:37', '2018-04-30 16:34:37'),
(174, '14A', '10', '2018-04-30 16:34:37', '2018-04-30 16:34:37'),
(175, '15A', '10', '2018-04-30 16:34:37', '2018-04-30 16:34:37'),
(176, '16A', '10', '2018-04-30 16:34:38', '2018-04-30 16:34:38'),
(177, '17A', '10', '2018-04-30 16:34:38', '2018-04-30 16:34:38'),
(178, '18A', '10', '2018-04-30 16:34:38', '2018-04-30 16:34:38'),
(179, '19A', '10', '2018-04-30 16:34:38', '2018-04-30 16:34:38'),
(180, '20A', '10', '2018-04-30 16:34:38', '2018-04-30 16:34:38'),
(181, '1B', '11', '2018-04-30 16:34:38', '2018-04-30 16:34:38'),
(182, '2B', '11', '2018-04-30 16:34:38', '2018-04-30 16:34:38'),
(183, '3B', '11', '2018-04-30 16:34:39', '2018-04-30 16:34:39'),
(184, '4B', '11', '2018-04-30 16:34:39', '2018-04-30 16:34:39'),
(185, '5B', '11', '2018-04-30 16:34:39', '2018-04-30 16:34:39'),
(186, '6B', '11', '2018-04-30 16:34:39', '2018-04-30 16:34:39'),
(187, '7B', '11', '2018-04-30 16:34:39', '2018-04-30 16:34:39'),
(188, '8B', '11', '2018-04-30 16:34:39', '2018-04-30 16:34:39'),
(189, '9B', '11', '2018-04-30 16:34:39', '2018-04-30 16:34:39'),
(190, '10B', '11', '2018-04-30 16:34:39', '2018-04-30 16:34:39'),
(191, '11B', '11', '2018-04-30 16:34:40', '2018-04-30 16:34:40'),
(192, '12B', '11', '2018-04-30 16:34:40', '2018-04-30 16:34:40'),
(193, '13B', '11', '2018-04-30 16:34:40', '2018-04-30 16:34:40'),
(194, '14B', '11', '2018-04-30 16:34:40', '2018-04-30 16:34:40'),
(195, '15B', '11', '2018-04-30 16:34:40', '2018-04-30 16:34:40'),
(196, '1A', '12', '2018-04-30 16:34:40', '2018-04-30 16:34:40'),
(197, '2A', '12', '2018-04-30 16:34:40', '2018-04-30 16:34:40'),
(198, '3A', '12', '2018-04-30 16:34:40', '2018-04-30 16:34:40'),
(199, '4A', '12', '2018-04-30 16:34:41', '2018-04-30 16:34:41'),
(200, '5A', '12', '2018-04-30 16:34:41', '2018-04-30 16:34:41'),
(201, '6A', '12', '2018-04-30 16:34:41', '2018-04-30 16:34:41'),
(202, '7A', '12', '2018-04-30 16:34:41', '2018-04-30 16:34:41'),
(203, '8A', '12', '2018-04-30 16:34:41', '2018-04-30 16:34:41'),
(204, '9A', '12', '2018-04-30 16:34:41', '2018-04-30 16:34:41'),
(205, '10A', '12', '2018-04-30 16:34:41', '2018-04-30 16:34:41'),
(206, '11A', '12', '2018-04-30 16:34:41', '2018-04-30 16:34:41'),
(207, '12A', '12', '2018-04-30 16:34:41', '2018-04-30 16:34:41'),
(208, '13A', '12', '2018-04-30 16:34:41', '2018-04-30 16:34:41'),
(209, '14A', '12', '2018-04-30 16:34:42', '2018-04-30 16:34:42'),
(210, '15A', '12', '2018-04-30 16:34:42', '2018-04-30 16:34:42'),
(211, '16A', '12', '2018-04-30 16:34:42', '2018-04-30 16:34:42'),
(212, '17A', '12', '2018-04-30 16:34:42', '2018-04-30 16:34:42'),
(213, '18A', '12', '2018-04-30 16:34:42', '2018-04-30 16:34:42'),
(214, '19A', '12', '2018-04-30 16:34:42', '2018-04-30 16:34:42'),
(215, '20A', '12', '2018-04-30 16:34:42', '2018-04-30 16:34:42'),
(216, '1B', '13', '2018-04-30 16:34:42', '2018-04-30 16:34:42'),
(217, '2B', '13', '2018-04-30 16:34:42', '2018-04-30 16:34:42'),
(218, '3B', '13', '2018-04-30 16:34:43', '2018-04-30 16:34:43'),
(219, '4B', '13', '2018-04-30 16:34:43', '2018-04-30 16:34:43'),
(220, '5B', '13', '2018-04-30 16:34:43', '2018-04-30 16:34:43'),
(221, '6B', '13', '2018-04-30 16:34:43', '2018-04-30 16:34:43'),
(222, '7B', '13', '2018-04-30 16:34:43', '2018-04-30 16:34:43'),
(223, '8B', '13', '2018-04-30 16:34:43', '2018-04-30 16:34:43'),
(224, '9B', '13', '2018-04-30 16:34:43', '2018-04-30 16:34:43'),
(225, '10B', '13', '2018-04-30 16:34:44', '2018-04-30 16:34:44'),
(226, '11B', '13', '2018-04-30 16:34:44', '2018-04-30 16:34:44'),
(227, '12B', '13', '2018-04-30 16:34:44', '2018-04-30 16:34:44'),
(228, '13B', '13', '2018-04-30 16:34:44', '2018-04-30 16:34:44'),
(229, '14B', '13', '2018-04-30 16:34:44', '2018-04-30 16:34:44'),
(230, '15B', '13', '2018-04-30 16:34:44', '2018-04-30 16:34:44');

-- --------------------------------------------------------

--
-- Table structure for table `migrations`
--

CREATE TABLE `migrations` (
  `id` int(10) UNSIGNED NOT NULL,
  `migration` varchar(191) COLLATE utf8mb4_unicode_ci NOT NULL,
  `batch` int(11) NOT NULL
) ENGINE=MyISAM DEFAULT CHARSET=utf8mb4 COLLATE=utf8mb4_unicode_ci;

--
-- Dumping data for table `migrations`
--

INSERT INTO `migrations` (`id`, `migration`, `batch`) VALUES
(947, '2014_10_12_000000_create_users_table', 2),
(948, '2014_10_12_000001_create_parkings_table', 2),
(949, '2014_10_12_100000_create_password_resets_table', 2),
(950, '2018_04_16_081716_create_photolocations_table', 2),
(951, '2018_04_17_123619_create_maps_table', 2),
(952, '2018_04_17_124506_create_payments_table', 2),
(953, '2018_04_17_130801_create_logs_table', 2),
(954, '2018_04_25_165900_create_add_soft_delete_parkings_table', 2),
(955, '2018_04_26_040730_create_add_soft_delete_photolocations', 2),
(956, '2018_04_26_220905_create_packages_table', 2),
(957, '2018_04_26_221047_create_package_users_table', 2),
(881, '2018_04_30_180227_create_chats_table', 1),
(958, '2018_04_28_085231_create_current_maps_table', 2),
(959, '2018_04_29_192704_create_add_soft_delete_current_maps_table', 2);

-- --------------------------------------------------------

--
-- Table structure for table `packages`
--

CREATE TABLE `packages` (
  `id` int(10) UNSIGNED NOT NULL,
  `name` varchar(191) COLLATE utf8mb4_unicode_ci NOT NULL,
  `limit` int(11) NOT NULL,
  `price` double(8,2) NOT NULL,
  `created_at` timestamp NULL DEFAULT NULL,
  `updated_at` timestamp NULL DEFAULT NULL
) ENGINE=MyISAM DEFAULT CHARSET=utf8mb4 COLLATE=utf8mb4_unicode_ci;

--
-- Dumping data for table `packages`
--

INSERT INTO `packages` (`id`, `name`, `limit`, `price`, `created_at`, `updated_at`) VALUES
(1, 'none', 0, 0.00, '2018-04-30 16:34:18', '2018-04-30 16:34:18'),
(2, 'small', 1, 299.99, '2018-04-30 16:34:19', '2018-04-30 16:34:19'),
(3, 'medium', 2, 599.99, '2018-04-30 16:34:19', '2018-04-30 16:34:19'),
(4, 'large', 5, 999.99, '2018-04-30 16:34:19', '2018-04-30 16:34:19'),
(5, 'daily', 1, 3.99, '2018-04-30 16:34:19', '2018-04-30 16:34:19'),
(6, 'weekly', 1, 15.99, '2018-04-30 16:34:19', '2018-04-30 16:34:19'),
(7, 'monthly', 1, 45.99, '2018-04-30 16:34:19', '2018-04-30 16:34:19');

-- --------------------------------------------------------

--
-- Table structure for table `package_users`
--

CREATE TABLE `package_users` (
  `id` int(10) UNSIGNED NOT NULL,
  `id_user` varchar(191) COLLATE utf8mb4_unicode_ci NOT NULL,
  `id_package` int(11) NOT NULL,
  `numbers` int(11) NOT NULL,
  `created_at` timestamp NULL DEFAULT NULL,
  `updated_at` timestamp NULL DEFAULT NULL
) ENGINE=MyISAM DEFAULT CHARSET=utf8mb4 COLLATE=utf8mb4_unicode_ci;

--
-- Dumping data for table `package_users`
--

INSERT INTO `package_users` (`id`, `id_user`, `id_package`, `numbers`, `created_at`, `updated_at`) VALUES
(1, '4', 7, 0, '2018-04-30 16:34:19', '2018-04-30 16:34:19'),
(2, '5', 4, 5, '2018-04-30 16:34:19', '2018-04-30 16:34:19'),
(3, '6', 6, 1, '2018-04-30 16:34:19', '2018-04-30 16:34:19'),
(4, '7', 6, 1, '2018-04-30 16:34:19', '2018-04-30 16:34:19'),
(5, '8', 6, 1, '2018-04-30 16:34:20', '2018-04-30 16:34:20'),
(6, '9', 6, 1, '2018-04-30 16:34:20', '2018-04-30 16:34:20'),
(7, '10', 6, 1, '2018-04-30 16:34:20', '2018-04-30 16:34:20'),
(8, '11', 6, 1, '2018-04-30 16:34:20', '2018-04-30 16:34:20'),
(9, '12', 4, 5, '2018-04-30 16:34:20', '2018-04-30 16:34:20'),
(10, '13', 4, 2, '2018-04-30 16:34:20', '2018-04-30 16:34:20');

-- --------------------------------------------------------

--
-- Table structure for table `parkings`
--

CREATE TABLE `parkings` (
  `id` int(10) UNSIGNED NOT NULL,
  `id_user` varchar(191) COLLATE utf8mb4_unicode_ci NOT NULL,
  `location` varchar(191) COLLATE utf8mb4_unicode_ci NOT NULL,
  `address` varchar(191) COLLATE utf8mb4_unicode_ci NOT NULL,
  `photo` varchar(191) COLLATE utf8mb4_unicode_ci NOT NULL,
  `created_at` timestamp NULL DEFAULT NULL,
  `updated_at` timestamp NULL DEFAULT NULL,
  `deleted_at` timestamp NULL DEFAULT NULL
) ENGINE=MyISAM DEFAULT CHARSET=utf8mb4 COLLATE=utf8mb4_unicode_ci;

--
-- Dumping data for table `parkings`
--

INSERT INTO `parkings` (`id`, `id_user`, `location`, `address`, `photo`, `created_at`, `updated_at`, `deleted_at`) VALUES
(1, '5', 'The Mall Ngamwongwan', '30/39-50 M.2 Ngamwongwan Rd, Bangken,Nonthaburi, 11000', '/storage/mall.png', '2018-04-30 16:34:17', '2018-04-30 16:34:17', NULL),
(2, '5', 'Pantip Pratunam', '604/3 Phetchaburi Rd, Khwaeng Thanon Phetchaburi, Khet Ratchathewi, Krung Thep Maha Nakhon 10400', '/storage/pantip.jpg', '2018-04-30 16:34:17', '2018-04-30 16:34:17', NULL),
(3, '5', 'Major Cineplex Ratchayothin', '1839 Phahonyothin Rd, Khwaeng Lat Yao, Khet Chatuchak, กรุงเทพมหานคร 10900', '/storage/major.jpg', '2018-04-30 16:34:17', '2018-04-30 16:34:17', NULL),
(4, '5', 'CentralPlaza Grand Rama IX', '9/9 พระราม 9 Khwaeng Huai Khwang, Khet Huai Khwang, Krung Thep Maha Nakhon 10310', '/storage/CentralRama9-1.jpg', '2018-04-30 16:34:17', '2018-04-30 16:34:17', NULL),
(5, '5', 'CentralPlaza WestGate', '199/3 หมู่ที่ 6 Rattanathibet Rd, Tambon Sao Thong Hin, Amphoe Bang Yai, Chang Wat Nonthaburi 11140', '/storage/central-westgate-690x364.jpg', '2018-04-30 16:34:17', '2018-04-30 16:34:17', NULL),
(6, '12', 'Siam Paragon', 'สยามพารากอน 991 Rama I Rd, Khwaeng Pathum Wan, Khet Pathum Wan, Krung Thep Maha Nakhon 10330', '/storage/siamParagon.jpg', '2018-04-30 16:34:18', '2018-04-30 16:34:18', NULL),
(7, '12', 'Siam Square One', '991 ถนน พระราม 1 Wang Mai, Khet Pathum Wan, Krung Thep Maha Nakhon 10330', '/storage/siamsquareone.jpg', '2018-04-30 16:34:18', '2018-04-30 16:34:18', NULL),
(8, '12', 'Tops Market MBK', '444 Phayathai Rd, Patumwan, Wangmai, Krung Thep Maha Nakhon 10330', '/storage/top-Market.png', '2018-04-30 16:34:18', '2018-04-30 16:34:18', NULL),
(9, '12', 'Big C Supercenter', '97/11 Ratchadamri Rd, Khwaeng Lumphini, Khet Pathum Wan, กรุงเทพมหานคร 10330', '/storage/destination-Big-C.jpg', '2018-04-30 16:34:18', '2018-04-30 16:34:18', NULL),
(10, '12', 'บิ๊กซี ราชดำริ', '97/11 ถนน ราชดำริ แขวง ลุมพินี เขต ปทุมวัน กรุงเทพมหานคร 10330', '/storage/bigC.jpg', '2018-04-30 16:34:18', '2018-04-30 16:34:18', NULL),
(11, '13', 'Esplanade Ngamwongwan – Khae Rai', 'อาคารศูนย์การค้าเอสพลานาด Rattanathibet Rd, Tambon Bang Kraso, Amphoe Mueang Nonthaburi, Chang Wat Nonthaburi 11000', '/storage/explanadeRattana.jpg', '2018-04-30 16:34:18', '2018-04-30 16:34:18', NULL),
(12, '13', 'CentralPlaza Rattanathibet', '562, 566 Rattanathibet Rd, Tambon Bang Kraso, Amphoe Mueang Nonthaburi, Chang Wat Nonthaburi 11000', '/storage/cen.jpg', '2018-04-30 16:34:18', '2018-04-30 16:34:18', NULL);

-- --------------------------------------------------------

--
-- Table structure for table `password_resets`
--

CREATE TABLE `password_resets` (
  `email` varchar(191) COLLATE utf8mb4_unicode_ci NOT NULL,
  `token` varchar(191) COLLATE utf8mb4_unicode_ci NOT NULL,
  `created_at` timestamp NULL DEFAULT NULL
) ENGINE=MyISAM DEFAULT CHARSET=utf8mb4 COLLATE=utf8mb4_unicode_ci;

-- --------------------------------------------------------

--
-- Table structure for table `payments`
--

CREATE TABLE `payments` (
  `id` int(10) UNSIGNED NOT NULL,
  `id_user` varchar(191) COLLATE utf8mb4_unicode_ci NOT NULL,
  `id_package` varchar(191) COLLATE utf8mb4_unicode_ci NOT NULL,
  `created_at` timestamp NULL DEFAULT NULL,
  `updated_at` timestamp NULL DEFAULT NULL
) ENGINE=MyISAM DEFAULT CHARSET=utf8mb4 COLLATE=utf8mb4_unicode_ci;

-- --------------------------------------------------------

--
-- Table structure for table `photolocations`
--

CREATE TABLE `photolocations` (
  `id` int(10) UNSIGNED NOT NULL,
  `id_parking` varchar(191) COLLATE utf8mb4_unicode_ci NOT NULL,
  `floor` varchar(191) COLLATE utf8mb4_unicode_ci NOT NULL,
  `canvas` text COLLATE utf8mb4_unicode_ci NOT NULL,
  `photo` varchar(191) COLLATE utf8mb4_unicode_ci NOT NULL,
  `created_at` timestamp NULL DEFAULT NULL,
  `updated_at` timestamp NULL DEFAULT NULL,
  `deleted_at` timestamp NULL DEFAULT NULL
) ENGINE=MyISAM DEFAULT CHARSET=utf8mb4 COLLATE=utf8mb4_unicode_ci;

--
-- Dumping data for table `photolocations`
--

INSERT INTO `photolocations` (`id`, `id_parking`, `floor`, `canvas`, `photo`, `created_at`, `updated_at`, `deleted_at`) VALUES
(1, '1', 'G', 'font,1A - 10A,270,294|font,11A - 20A,693,299|rect,104,124,419,355,#0080ff,11|rect,559,125,406,356,#008000,11|', '/storage/photoslocation/O8A6MAmvx2vPEqGweGKFP4wf71Om0juKnsgAKEp4.jpeg', '2018-04-30 16:34:20', '2018-04-30 16:34:20', NULL),
(2, '1', '1', 'font,1B - 9B,470,123|font,13B - 15B,80,455|font,10B - 12B,889,451|rect,5,4,1075,198,#ff0000,14|pen,795,253,795,253,795,254,795,255,795,256,791,257,784,258,770,261,756,262,731,264,705,265,685,265,650,265,626,265,608,265,588,265,568,267,551,268,536,268,514,268,501,266,484,264,469,264,459,264,455,263,451,263,449,263,446,263,445,263,444,263,443,263,#008080,14|pen,402,242,402,242,402,243,402,244,402,247,402,254,402,268,402,287,402,309,403,328,408,357,413,390,419,433,424,455,429,477,432,487,433,496,434,503,435,511,435,512,436,514,436,515,436,516,436,517,436,519,436,521,436,523,436,525,436,528,436,532,436,535,435,537,435,539,435,541,435,543,435,544,435,546,435,547,435,548,435,550,435,551,435,552,435,554,435,555,435,556,435,557,435,559,435,560,435,561,435,562,435,563,435,565,435,566,435,568,435,569,#008080,14|rect,13,316,243,270,#0080c0,14|rect,843,304,243,281,#ff0080,14|pen,521,387,521,387,521,390,523,390,526,390,539,388,567,380,601,365,615,359,647,345,663,338,675,331,687,324,705,316,720,308,729,302,735,298,741,294,743,292,745,290,746,289,747,289,748,288,748,290,748,297,744,304,727,330,702,366,679,401,656,431,610,486,587,511,565,534,557,540,533,556,519,564,514,568,509,571,504,574,500,577,500,578,499,578,498,579,497,579,498,578,501,576,509,568,515,562,524,554,539,542,551,532,563,524,568,521,571,519,575,517,581,513,585,510,589,507,592,504,598,501,602,498,607,493,614,485,623,475,626,472,627,470,630,467,631,466,637,460,646,449,651,442,654,439,655,438,656,438,656,437,656,436,655,435,648,434,640,435,624,442,609,451,596,459,585,467,566,481,551,490,542,497,529,507,520,512,516,517,513,519,512,520,510,522,509,522,509,521,509,516,512,505,517,495,528,477,535,465,542,453,549,442,559,426,562,421,564,418,566,416,567,415,#8080ff,14|', '/storage/photoslocation/8qiZgqgCenCcSBfcFak0i3bflia0qmQpIai26Hz1.png', '2018-04-30 16:34:20', '2018-04-30 16:34:20', NULL),
(3, '2', '1', 'font,1A - 10A,270,294|font,11A - 20A,693,299|rect,104,124,419,355,#0080ff,11|rect,559,125,406,356,#008000,11|', '/storage/photoslocation/O8A6MAmvx2vPEqGweGKFP4wf71Om0juKnsgAKEp4.jpeg', '2018-04-30 16:34:20', '2018-04-30 16:34:20', NULL),
(4, '3', '1', 'font,1B - 9B,470,123|font,13B - 15B,80,455|font,10B - 12B,889,451|rect,5,4,1075,198,#ff0000,14|pen,795,253,795,253,795,254,795,255,795,256,791,257,784,258,770,261,756,262,731,264,705,265,685,265,650,265,626,265,608,265,588,265,568,267,551,268,536,268,514,268,501,266,484,264,469,264,459,264,455,263,451,263,449,263,446,263,445,263,444,263,443,263,#008080,14|pen,402,242,402,242,402,243,402,244,402,247,402,254,402,268,402,287,402,309,403,328,408,357,413,390,419,433,424,455,429,477,432,487,433,496,434,503,435,511,435,512,436,514,436,515,436,516,436,517,436,519,436,521,436,523,436,525,436,528,436,532,436,535,435,537,435,539,435,541,435,543,435,544,435,546,435,547,435,548,435,550,435,551,435,552,435,554,435,555,435,556,435,557,435,559,435,560,435,561,435,562,435,563,435,565,435,566,435,568,435,569,#008080,14|rect,13,316,243,270,#0080c0,14|rect,843,304,243,281,#ff0080,14|pen,521,387,521,387,521,390,523,390,526,390,539,388,567,380,601,365,615,359,647,345,663,338,675,331,687,324,705,316,720,308,729,302,735,298,741,294,743,292,745,290,746,289,747,289,748,288,748,290,748,297,744,304,727,330,702,366,679,401,656,431,610,486,587,511,565,534,557,540,533,556,519,564,514,568,509,571,504,574,500,577,500,578,499,578,498,579,497,579,498,578,501,576,509,568,515,562,524,554,539,542,551,532,563,524,568,521,571,519,575,517,581,513,585,510,589,507,592,504,598,501,602,498,607,493,614,485,623,475,626,472,627,470,630,467,631,466,637,460,646,449,651,442,654,439,655,438,656,438,656,437,656,436,655,435,648,434,640,435,624,442,609,451,596,459,585,467,566,481,551,490,542,497,529,507,520,512,516,517,513,519,512,520,510,522,509,522,509,521,509,516,512,505,517,495,528,477,535,465,542,453,549,442,559,426,562,421,564,418,566,416,567,415,#8080ff,14|', '/storage/photoslocation/8qiZgqgCenCcSBfcFak0i3bflia0qmQpIai26Hz1.png', '2018-04-30 16:34:21', '2018-04-30 16:34:21', NULL),
(5, '4', '1', 'font,1A - 10A,270,294|font,11A - 20A,693,299|rect,104,124,419,355,#0080ff,11|rect,559,125,406,356,#008000,11|', '/storage/photoslocation/O8A6MAmvx2vPEqGweGKFP4wf71Om0juKnsgAKEp4.jpeg', '2018-04-30 16:34:21', '2018-04-30 16:34:21', NULL),
(6, '5', '1', 'font,1A - 10A,270,294|font,11A - 20A,693,299|rect,104,124,419,355,#0080ff,11|rect,559,125,406,356,#008000,11|', '/storage/photoslocation/O8A6MAmvx2vPEqGweGKFP4wf71Om0juKnsgAKEp4.jpeg', '2018-04-30 16:34:21', '2018-04-30 16:34:21', NULL),
(7, '6', '1', 'font,1A - 10A,270,294|font,11A - 20A,693,299|rect,104,124,419,355,#0080ff,11|rect,559,125,406,356,#008000,11|', '/storage/photoslocation/O8A6MAmvx2vPEqGweGKFP4wf71Om0juKnsgAKEp4.jpeg', '2018-04-30 16:34:21', '2018-04-30 16:34:21', NULL),
(8, '7', '1', 'font,1B - 9B,470,123|font,13B - 15B,80,455|font,10B - 12B,889,451|rect,5,4,1075,198,#ff0000,14|pen,795,253,795,253,795,254,795,255,795,256,791,257,784,258,770,261,756,262,731,264,705,265,685,265,650,265,626,265,608,265,588,265,568,267,551,268,536,268,514,268,501,266,484,264,469,264,459,264,455,263,451,263,449,263,446,263,445,263,444,263,443,263,#008080,14|pen,402,242,402,242,402,243,402,244,402,247,402,254,402,268,402,287,402,309,403,328,408,357,413,390,419,433,424,455,429,477,432,487,433,496,434,503,435,511,435,512,436,514,436,515,436,516,436,517,436,519,436,521,436,523,436,525,436,528,436,532,436,535,435,537,435,539,435,541,435,543,435,544,435,546,435,547,435,548,435,550,435,551,435,552,435,554,435,555,435,556,435,557,435,559,435,560,435,561,435,562,435,563,435,565,435,566,435,568,435,569,#008080,14|rect,13,316,243,270,#0080c0,14|rect,843,304,243,281,#ff0080,14|pen,521,387,521,387,521,390,523,390,526,390,539,388,567,380,601,365,615,359,647,345,663,338,675,331,687,324,705,316,720,308,729,302,735,298,741,294,743,292,745,290,746,289,747,289,748,288,748,290,748,297,744,304,727,330,702,366,679,401,656,431,610,486,587,511,565,534,557,540,533,556,519,564,514,568,509,571,504,574,500,577,500,578,499,578,498,579,497,579,498,578,501,576,509,568,515,562,524,554,539,542,551,532,563,524,568,521,571,519,575,517,581,513,585,510,589,507,592,504,598,501,602,498,607,493,614,485,623,475,626,472,627,470,630,467,631,466,637,460,646,449,651,442,654,439,655,438,656,438,656,437,656,436,655,435,648,434,640,435,624,442,609,451,596,459,585,467,566,481,551,490,542,497,529,507,520,512,516,517,513,519,512,520,510,522,509,522,509,521,509,516,512,505,517,495,528,477,535,465,542,453,549,442,559,426,562,421,564,418,566,416,567,415,#8080ff,14|', '/storage/photoslocation/8qiZgqgCenCcSBfcFak0i3bflia0qmQpIai26Hz1.png', '2018-04-30 16:34:21', '2018-04-30 16:34:21', NULL),
(9, '8', '1', 'font,1B - 9B,470,123|font,13B - 15B,80,455|font,10B - 12B,889,451|rect,5,4,1075,198,#ff0000,14|pen,795,253,795,253,795,254,795,255,795,256,791,257,784,258,770,261,756,262,731,264,705,265,685,265,650,265,626,265,608,265,588,265,568,267,551,268,536,268,514,268,501,266,484,264,469,264,459,264,455,263,451,263,449,263,446,263,445,263,444,263,443,263,#008080,14|pen,402,242,402,242,402,243,402,244,402,247,402,254,402,268,402,287,402,309,403,328,408,357,413,390,419,433,424,455,429,477,432,487,433,496,434,503,435,511,435,512,436,514,436,515,436,516,436,517,436,519,436,521,436,523,436,525,436,528,436,532,436,535,435,537,435,539,435,541,435,543,435,544,435,546,435,547,435,548,435,550,435,551,435,552,435,554,435,555,435,556,435,557,435,559,435,560,435,561,435,562,435,563,435,565,435,566,435,568,435,569,#008080,14|rect,13,316,243,270,#0080c0,14|rect,843,304,243,281,#ff0080,14|pen,521,387,521,387,521,390,523,390,526,390,539,388,567,380,601,365,615,359,647,345,663,338,675,331,687,324,705,316,720,308,729,302,735,298,741,294,743,292,745,290,746,289,747,289,748,288,748,290,748,297,744,304,727,330,702,366,679,401,656,431,610,486,587,511,565,534,557,540,533,556,519,564,514,568,509,571,504,574,500,577,500,578,499,578,498,579,497,579,498,578,501,576,509,568,515,562,524,554,539,542,551,532,563,524,568,521,571,519,575,517,581,513,585,510,589,507,592,504,598,501,602,498,607,493,614,485,623,475,626,472,627,470,630,467,631,466,637,460,646,449,651,442,654,439,655,438,656,438,656,437,656,436,655,435,648,434,640,435,624,442,609,451,596,459,585,467,566,481,551,490,542,497,529,507,520,512,516,517,513,519,512,520,510,522,509,522,509,521,509,516,512,505,517,495,528,477,535,465,542,453,549,442,559,426,562,421,564,418,566,416,567,415,#8080ff,14|', '/storage/photoslocation/8qiZgqgCenCcSBfcFak0i3bflia0qmQpIai26Hz1.png', '2018-04-30 16:34:21', '2018-04-30 16:34:21', NULL),
(10, '9', '1', 'font,1A - 10A,270,294|font,11A - 20A,693,299|rect,104,124,419,355,#0080ff,11|rect,559,125,406,356,#008000,11|', '/storage/photoslocation/O8A6MAmvx2vPEqGweGKFP4wf71Om0juKnsgAKEp4.jpeg', '2018-04-30 16:34:21', '2018-04-30 16:34:21', NULL),
(11, '10', '1', 'font,1B - 9B,470,123|font,13B - 15B,80,455|font,10B - 12B,889,451|rect,5,4,1075,198,#ff0000,14|pen,795,253,795,253,795,254,795,255,795,256,791,257,784,258,770,261,756,262,731,264,705,265,685,265,650,265,626,265,608,265,588,265,568,267,551,268,536,268,514,268,501,266,484,264,469,264,459,264,455,263,451,263,449,263,446,263,445,263,444,263,443,263,#008080,14|pen,402,242,402,242,402,243,402,244,402,247,402,254,402,268,402,287,402,309,403,328,408,357,413,390,419,433,424,455,429,477,432,487,433,496,434,503,435,511,435,512,436,514,436,515,436,516,436,517,436,519,436,521,436,523,436,525,436,528,436,532,436,535,435,537,435,539,435,541,435,543,435,544,435,546,435,547,435,548,435,550,435,551,435,552,435,554,435,555,435,556,435,557,435,559,435,560,435,561,435,562,435,563,435,565,435,566,435,568,435,569,#008080,14|rect,13,316,243,270,#0080c0,14|rect,843,304,243,281,#ff0080,14|pen,521,387,521,387,521,390,523,390,526,390,539,388,567,380,601,365,615,359,647,345,663,338,675,331,687,324,705,316,720,308,729,302,735,298,741,294,743,292,745,290,746,289,747,289,748,288,748,290,748,297,744,304,727,330,702,366,679,401,656,431,610,486,587,511,565,534,557,540,533,556,519,564,514,568,509,571,504,574,500,577,500,578,499,578,498,579,497,579,498,578,501,576,509,568,515,562,524,554,539,542,551,532,563,524,568,521,571,519,575,517,581,513,585,510,589,507,592,504,598,501,602,498,607,493,614,485,623,475,626,472,627,470,630,467,631,466,637,460,646,449,651,442,654,439,655,438,656,438,656,437,656,436,655,435,648,434,640,435,624,442,609,451,596,459,585,467,566,481,551,490,542,497,529,507,520,512,516,517,513,519,512,520,510,522,509,522,509,521,509,516,512,505,517,495,528,477,535,465,542,453,549,442,559,426,562,421,564,418,566,416,567,415,#8080ff,14|', '/storage/photoslocation/8qiZgqgCenCcSBfcFak0i3bflia0qmQpIai26Hz1.png', '2018-04-30 16:34:21', '2018-04-30 16:34:21', NULL),
(12, '11', '1', 'font,1A - 10A,270,294|font,11A - 20A,693,299|rect,104,124,419,355,#0080ff,11|rect,559,125,406,356,#008000,11|', '/storage/photoslocation/O8A6MAmvx2vPEqGweGKFP4wf71Om0juKnsgAKEp4.jpeg', '2018-04-30 16:34:21', '2018-04-30 16:34:21', NULL),
(13, '12', '1', 'font,1B - 9B,470,123|font,13B - 15B,80,455|font,10B - 12B,889,451|rect,5,4,1075,198,#ff0000,14|pen,795,253,795,253,795,254,795,255,795,256,791,257,784,258,770,261,756,262,731,264,705,265,685,265,650,265,626,265,608,265,588,265,568,267,551,268,536,268,514,268,501,266,484,264,469,264,459,264,455,263,451,263,449,263,446,263,445,263,444,263,443,263,#008080,14|pen,402,242,402,242,402,243,402,244,402,247,402,254,402,268,402,287,402,309,403,328,408,357,413,390,419,433,424,455,429,477,432,487,433,496,434,503,435,511,435,512,436,514,436,515,436,516,436,517,436,519,436,521,436,523,436,525,436,528,436,532,436,535,435,537,435,539,435,541,435,543,435,544,435,546,435,547,435,548,435,550,435,551,435,552,435,554,435,555,435,556,435,557,435,559,435,560,435,561,435,562,435,563,435,565,435,566,435,568,435,569,#008080,14|rect,13,316,243,270,#0080c0,14|rect,843,304,243,281,#ff0080,14|pen,521,387,521,387,521,390,523,390,526,390,539,388,567,380,601,365,615,359,647,345,663,338,675,331,687,324,705,316,720,308,729,302,735,298,741,294,743,292,745,290,746,289,747,289,748,288,748,290,748,297,744,304,727,330,702,366,679,401,656,431,610,486,587,511,565,534,557,540,533,556,519,564,514,568,509,571,504,574,500,577,500,578,499,578,498,579,497,579,498,578,501,576,509,568,515,562,524,554,539,542,551,532,563,524,568,521,571,519,575,517,581,513,585,510,589,507,592,504,598,501,602,498,607,493,614,485,623,475,626,472,627,470,630,467,631,466,637,460,646,449,651,442,654,439,655,438,656,438,656,437,656,436,655,435,648,434,640,435,624,442,609,451,596,459,585,467,566,481,551,490,542,497,529,507,520,512,516,517,513,519,512,520,510,522,509,522,509,521,509,516,512,505,517,495,528,477,535,465,542,453,549,442,559,426,562,421,564,418,566,416,567,415,#8080ff,14|', '/storage/photoslocation/8qiZgqgCenCcSBfcFak0i3bflia0qmQpIai26Hz1.png', '2018-04-30 16:34:21', '2018-04-30 16:34:21', NULL);

-- --------------------------------------------------------

--
-- Table structure for table `users`
--

CREATE TABLE `users` (
  `id` int(10) UNSIGNED NOT NULL,
  `name` varchar(191) COLLATE utf8mb4_unicode_ci NOT NULL,
  `lastname` varchar(191) COLLATE utf8mb4_unicode_ci NOT NULL,
  `email` varchar(191) COLLATE utf8mb4_unicode_ci NOT NULL,
  `password` varchar(191) COLLATE utf8mb4_unicode_ci NOT NULL,
  `level` enum('admin','member','parking_owner','guest') COLLATE utf8mb4_unicode_ci NOT NULL,
  `type` enum('none','daily','weekly','monthly','small','medium','large') COLLATE utf8mb4_unicode_ci NOT NULL,
  `start_date_package` datetime DEFAULT NULL,
  `end_date_package` datetime DEFAULT NULL,
  `remember_token` varchar(100) COLLATE utf8mb4_unicode_ci DEFAULT NULL,
  `is_enabled` tinyint(1) NOT NULL,
  `avatar` varchar(191) COLLATE utf8mb4_unicode_ci NOT NULL,
  `created_at` timestamp NULL DEFAULT NULL,
  `updated_at` timestamp NULL DEFAULT NULL
) ENGINE=MyISAM DEFAULT CHARSET=utf8mb4 COLLATE=utf8mb4_unicode_ci;

--
-- Dumping data for table `users`
--

INSERT INTO `users` (`id`, `name`, `lastname`, `email`, `password`, `level`, `type`, `start_date_package`, `end_date_package`, `remember_token`, `is_enabled`, `avatar`, `created_at`, `updated_at`) VALUES
(1, 'admin', 'Park', 'parkservice1@hotmail.com', '$2y$10$9/0ghvBNLfVPzfXxmmRiv.rMEV14VZaiqJdxfOvQ3kyRrRBfpC4JS', 'admin', 'none', NULL, NULL, 'wTzjtjRbtix67lM10NSWmcdokgLaTb9GbPu4TOYroMScOiPO2DkzRICUzDpN6JEi', 1, '/storage/photos/avatar123.png', '2018-04-30 16:34:15', '2018-04-30 16:34:15'),
(2, 'guestAdmin', 'Lee', 'guestAdmin@hotmail.com', '$2y$10$mvbDdrzYCH//2rlUG0bxIuKmSDPKNV.8Xlyimx9xTyhLAU3TkVUy2', 'guest', 'none', NULL, NULL, 'mbeAcJSFHSuwXKs95hhc8o9fMtx4ZbIBQ7fusnzfh77yVjbylOpaqoZr24NPxjFn', 1, '/storage/photos/avatar123.png', '2018-04-30 16:34:15', '2018-04-30 16:34:15'),
(3, 'guest', 'John', 'guest@hotmail.com', '$2y$10$.isnYlMlreNlogCsPU9R/.oXCeJmtyfZoU4Wuef/yiNlva.X1gq3O', 'guest', 'none', NULL, NULL, 'ZDxu08y8PdzdVJAwUEDE6722BknkLgvW5ZEs7AdqW4NkFFfASbcjzTidzcpOFbJy', 1, '/storage/photos/avatar123.png', '2018-04-30 16:34:15', '2018-04-30 16:34:15'),
(4, 'member', 'Noel', 'member@hotmail.com', '$2y$10$L0qlFOZjmnG608QaI5n6ieG8MH/C390wmeQdM6xLdz1R39MIzcnDu', 'member', 'monthly', '2018-04-30 23:34:15', '2018-05-01 23:34:15', 'OIGGeHLptRu0QESx2ZFC9G6pE5ypHSqc804yDFwJ3W9RkDgBnZJPCDdkHW1AmyIN', 1, '/storage/photos/avatar123.png', '2018-04-30 16:34:15', '2018-04-30 16:34:15'),
(5, 'parking_owner', 'Boss', 'parking_owner@hotmail.com', '$2y$10$WOIlh1Nrwvx9ay7mrB3jlu5AVWA3SzYsxtHQwgvsYYITxHaFmtmPW', 'parking_owner', 'large', '2018-04-30 23:34:15', '2018-08-30 23:34:15', 'l08OAv2vYET4pvqgpN1mDXT9mgnTEyCQD7myRHbLGpXwj16tis9ucsMB8uubp9bh', 1, '/storage/photos/avatar123.png', '2018-04-30 16:34:15', '2018-04-30 16:34:15'),
(6, 'Master', 'ballstep', 'ball@hotmail.com', '$2y$10$kKr6WTm1goI1lAmMgWs8uuIiIkQfDE2Q1PMV4ico6n2DSysonWKFW', 'member', 'weekly', '2018-04-30 23:34:16', '2018-05-01 23:34:16', 'sFPhnLyO9v6wmnpjW4eFpLNVpEyRSBOtM1PXwOrBkjpmka7dTc6nJTxcAheAQyTL', 1, '/storage/photos/avatar123.png', '2018-04-30 16:34:16', '2018-04-30 16:34:16'),
(7, 'Patchara', 'pin', 'test1@hotmail.com', '$2y$10$9BduZlqvyU3zYMp3ykOfQeCf5PWx79ugOsbqbsPbgaUXjM5oPnzWG', 'member', 'weekly', '2018-04-30 23:34:16', '2018-05-01 23:34:16', 'm1Z6OTrtlqPbjeYF4zzRLww0OIELbyaQo44lQxCbx8OBT4RtkvLJadSUWJeXrheW', 1, '/storage/photos/avatar123.png', '2018-04-30 16:34:16', '2018-04-30 16:34:16'),
(8, 'Dek', 'D', 'test2@hotmail.com', '$2y$10$v/qbwRvriIJ/c.ita4Dxku7kK1I8JOoN/tCaepvaELEprDwR.lE/G', 'member', 'weekly', '2018-04-30 23:34:16', '2018-05-01 23:34:16', 'XEOPfGv71zZExAqCGk7PuOfliYYQQ2pEvYlLNFmcyQSrq3yVK4MbSmA2BrciTEft', 1, '/storage/photos/avatar123.png', '2018-04-30 16:34:16', '2018-04-30 16:34:16'),
(9, 'P', 'Laou', 'test3@hotmail.com', '$2y$10$zyt4oAbWM1P7ph2Y2VzhuO/vjZMm2FfppFt362su7C3/rPdhAxYf.', 'member', 'weekly', '2018-04-30 23:34:16', '2018-05-01 23:34:16', 'eiMoJYiuIOGJR1xWcLPMzWwtGUpClY36oVjnzmyS4OzaBz7IaF6Q5JrVIOTLvY0Q', 1, '/storage/photos/avatar123.png', '2018-04-30 16:34:16', '2018-04-30 16:34:16'),
(10, 'A', 'type', 'test4@hotmail.com', '$2y$10$OzVg.UCBxj9jZD4Vhg8zTulj3/lHiu6gDKtn7RvC3efFeg84z1yJq', 'member', 'weekly', '2018-04-30 23:34:16', '2018-05-01 23:34:16', 'pRCKGhhojNfoyZp4G895kgQdRwnkPZBD1KNdyCExGcQSgbW2HemtFcpiVUSyrvha', 1, '/storage/photos/avatar123.png', '2018-04-30 16:34:16', '2018-04-30 16:34:16'),
(11, 'Bomb', 'Mask', 'test5@hotmail.com', '$2y$10$BldQag9OsKFvngum2/AFCOd3monYQPbSLq2s.bkGHsCPUNHqbp.Eu', 'member', 'weekly', '2018-04-30 23:34:17', '2018-05-01 23:34:17', 'HWYbaDe6CYbep8bd5YOVLd7podJeygd1JXmGSolC1VZfkcOiPYsD4Ar8DU0qLyjp', 1, '/storage/photos/avatar123.png', '2018-04-30 16:34:17', '2018-04-30 16:34:17'),
(12, 'Owner', 'Yu', 'parking_owner2@hotmail.com', '$2y$10$PiIRfLo98E0TpLKb2ItxeOVYygBsF5NH5EwJqDHu0MGo8aw8SOxWG', 'parking_owner', 'large', '2018-04-30 23:34:17', '2018-08-30 23:34:17', 'nNacBJCPsgyKAryYUdFPATzMm3jIFuRJInzXvXvcVGuurYakgFzhlg4ZPVqQ74UW', 1, '/storage/photos/avatar123.png', '2018-04-30 16:34:17', '2018-04-30 16:34:17'),
(13, 'Owner', 'M', 'parking_owner3@hotmail.com', '$2y$10$//avmSJ5qcT68vs5mmHpve6V8vs4y18unm0b7fAn5/0vPSPcl0mTS', 'parking_owner', 'large', '2018-04-30 23:34:17', '2018-08-30 23:34:17', '44oRTIDiKSEUOLEAvo72mjRsNU5efnasKGSWWTuOECtbtGGdtg3M9824yUkXkbdM', 1, '/storage/photos/avatar123.png', '2018-04-30 16:34:17', '2018-04-30 16:34:17');

--
-- Indexes for dumped tables
--

--
-- Indexes for table `chats`
--
ALTER TABLE `chats`
  ADD PRIMARY KEY (`id`),
  ADD KEY `chats_id_user_foreign` (`id_user`),
  ADD KEY `chats_id_userto_foreign` (`id_userTo`);

--
-- Indexes for table `current_maps`
--
ALTER TABLE `current_maps`
  ADD PRIMARY KEY (`id`),
  ADD KEY `current_maps_id_user_foreign` (`id_user`),
  ADD KEY `current_maps_id_map_foreign` (`id_map`);

--
-- Indexes for table `logs`
--
ALTER TABLE `logs`
  ADD PRIMARY KEY (`id`),
  ADD KEY `logs_id_user_foreign` (`id_user`);

--
-- Indexes for table `maps`
--
ALTER TABLE `maps`
  ADD PRIMARY KEY (`id`),
  ADD KEY `maps_id_photo_foreign` (`id_photo`);

--
-- Indexes for table `migrations`
--
ALTER TABLE `migrations`
  ADD PRIMARY KEY (`id`);

--
-- Indexes for table `packages`
--
ALTER TABLE `packages`
  ADD PRIMARY KEY (`id`),
  ADD KEY `packages_name_foreign` (`name`);

--
-- Indexes for table `package_users`
--
ALTER TABLE `package_users`
  ADD PRIMARY KEY (`id`),
  ADD KEY `package_users_id_user_foreign` (`id_user`),
  ADD KEY `package_users_id_package_foreign` (`id_package`);

--
-- Indexes for table `parkings`
--
ALTER TABLE `parkings`
  ADD PRIMARY KEY (`id`),
  ADD KEY `parkings_id_user_foreign` (`id_user`);

--
-- Indexes for table `password_resets`
--
ALTER TABLE `password_resets`
  ADD KEY `password_resets_email_index` (`email`);

--
-- Indexes for table `payments`
--
ALTER TABLE `payments`
  ADD PRIMARY KEY (`id`),
  ADD KEY `payments_id_user_foreign` (`id_user`),
  ADD KEY `payments_id_package_foreign` (`id_package`);

--
-- Indexes for table `photolocations`
--
ALTER TABLE `photolocations`
  ADD PRIMARY KEY (`id`),
  ADD KEY `photolocations_id_parking_foreign` (`id_parking`);

--
-- Indexes for table `users`
--
ALTER TABLE `users`
  ADD PRIMARY KEY (`id`),
  ADD UNIQUE KEY `users_email_unique` (`email`);

--
-- AUTO_INCREMENT for dumped tables
--

--
-- AUTO_INCREMENT for table `chats`
--
ALTER TABLE `chats`
  MODIFY `id` int(10) UNSIGNED NOT NULL AUTO_INCREMENT;
--
-- AUTO_INCREMENT for table `current_maps`
--
ALTER TABLE `current_maps`
  MODIFY `id` int(10) UNSIGNED NOT NULL AUTO_INCREMENT, AUTO_INCREMENT=7;
--
-- AUTO_INCREMENT for table `logs`
--
ALTER TABLE `logs`
  MODIFY `id` int(10) UNSIGNED NOT NULL AUTO_INCREMENT, AUTO_INCREMENT=2;
--
-- AUTO_INCREMENT for table `maps`
--
ALTER TABLE `maps`
  MODIFY `id` int(10) UNSIGNED NOT NULL AUTO_INCREMENT, AUTO_INCREMENT=231;
--
-- AUTO_INCREMENT for table `migrations`
--
ALTER TABLE `migrations`
  MODIFY `id` int(10) UNSIGNED NOT NULL AUTO_INCREMENT, AUTO_INCREMENT=960;
--
-- AUTO_INCREMENT for table `packages`
--
ALTER TABLE `packages`
  MODIFY `id` int(10) UNSIGNED NOT NULL AUTO_INCREMENT, AUTO_INCREMENT=8;
--
-- AUTO_INCREMENT for table `package_users`
--
ALTER TABLE `package_users`
  MODIFY `id` int(10) UNSIGNED NOT NULL AUTO_INCREMENT, AUTO_INCREMENT=11;
--
-- AUTO_INCREMENT for table `parkings`
--
ALTER TABLE `parkings`
  MODIFY `id` int(10) UNSIGNED NOT NULL AUTO_INCREMENT, AUTO_INCREMENT=13;
--
-- AUTO_INCREMENT for table `payments`
--
ALTER TABLE `payments`
  MODIFY `id` int(10) UNSIGNED NOT NULL AUTO_INCREMENT;
--
-- AUTO_INCREMENT for table `photolocations`
--
ALTER TABLE `photolocations`
  MODIFY `id` int(10) UNSIGNED NOT NULL AUTO_INCREMENT, AUTO_INCREMENT=14;
--
-- AUTO_INCREMENT for table `users`
--
ALTER TABLE `users`
  MODIFY `id` int(10) UNSIGNED NOT NULL AUTO_INCREMENT, AUTO_INCREMENT=14;
/*!40101 SET CHARACTER_SET_CLIENT=@OLD_CHARACTER_SET_CLIENT */;
/*!40101 SET CHARACTER_SET_RESULTS=@OLD_CHARACTER_SET_RESULTS */;
/*!40101 SET COLLATION_CONNECTION=@OLD_COLLATION_CONNECTION */;
